keyword,url
angular development company,www.desss.com
angular development companies,www.desss.com
angular consulting company,www.desss.com
angular consulting companies,www.desss.com
angular consulting firm,www.desss.com
angular consulting firms,www.desss.com
reactjs developer,www.desss.com
reactjs developer jobs,www.desss.com
reactjs consultant,www.desss.com
reactjs consultants,www.desss.com
reactjs development company,www.desss.com
reactjs development companies,www.desss.com
reactjs consulting company,www.desss.com
reactjs consulting companies,www.desss.com
reactjs consulting firm,www.desss.com
reactjs consulting firms,www.desss.com
react native developer,www.desss.com
react native developer jobs,www.desss.com
react native consultant,www.desss.com
react native consultants,www.desss.com
react native development company,www.desss.com
react native development companies,www.desss.com
react native consulting company,www.desss.com
react native consulting companies,www.desss.com
react native consulting firm,www.desss.com
react native consulting firms,www.desss.com
Front end developer,www.desss.com
Front end developer jobs,www.desss.com
Front end consultant,www.desss.com
Front end consultants,www.desss.com
Front end development company,www.desss.com
Front end development companies,www.desss.com
Front end consulting company,www.desss.com
Front end consulting companies,www.desss.com
Front end consulting firm,www.desss.com
Front end consulting firms,www.desss.com
backend developer,www.desss.com
backend developer jobs,www.desss.com
backend consultant,www.desss.com
backend consultants,www.desss.com
backend development company,www.desss.com
backend development companies,www.desss.com
backend consulting company,www.desss.com
backend consulting companies,www.desss.com
backend consulting firm,www.desss.com
backend consulting firms,www.desss.com
devops developer jobs,www.desss.com
devops consultant,www.desss.com
devops consultants,www.desss.com
devops development company,www.desss.com
devops development companies,www.desss.com
devops consulting company,www.desss.com
devops consulting companies,www.desss.com
devops consulting firm,www.desss.com
devops consulting firms,www.desss.com
devops developer,www.desss.com
devops engineer,www.desss.com
devops architect,www.desss.com
devops azure,www.desss.com
microsoft devops,www.desss.com
azure devops  ,www.desss.com
devops practices,www.desss.com
best devops development company,www.desss.com
power bi developer,www.desss.com
power bi developer jobs,www.desss.com
power bi consultant,www.desss.com
power bi consultants,www.desss.com
power bi development company,www.desss.com
